City_ID,City,Country,Lat,Lng,Max Temp,Humidity,Cloudiness,Wind Speed,Current Description
0,Huarmey,PE,-10.0681,-78.1522,71.46,78,93,5.88,overcast clouds
1,Ushuaia,AR,-54.8,-68.3,57.2,41,40,16.11,scattered clouds
2,Atuona,PF,-9.8,-139.0333,78.15,80,9,17.83,clear sky
3,Mataura,NZ,-46.1927,168.8643,60.01,81,99,21.0,overcast clouds
4,Barrow,US,71.2906,-156.7887,1.4,78,1,16.11,haze
5,Fairbanks,US,64.8378,-147.7164,21.0,78,75,3.22,broken clouds
6,Margate,GB,51.3813,1.3862,34.0,81,25,14.74,scattered clouds
7,Nova Olinda Do Norte,BR,-3.8881,-59.0942,73.71,95,28,1.83,scattered clouds
8,Kang,BW,-23.6752,22.7876,71.76,28,94,7.65,overcast clouds
9,Caravelas,BR,-17.7125,-39.2481,73.4,86,27,2.28,scattered clouds
10,Rikitea,PF,-23.1203,-134.9692,79.61,65,7,7.25,clear sky
11,Hilo,US,19.7297,-155.09,71.6,83,90,4.61,heavy intensity rain
12,Ahipara,NZ,-35.1667,173.1667,70.72,69,3,10.56,clear sky
13,Jamestown,US,42.097,-79.2353,17.6,86,90,5.75,light snow
14,Sokoni,TZ,-6.4333,39.55,80.6,83,40,5.75,scattered clouds
15,Port Alfred,ZA,-33.5906,26.891,66.0,96,94,5.99,light rain
16,Albany,US,42.6001,-73.9662,16.0,55,0,4.0,clear sky
17,Tasiilaq,GL,65.6145,-37.6368,17.6,41,64,3.44,broken clouds
18,Nhulunbuy,AU,-12.2333,136.7667,78.8,94,90,5.75,light rain
19,Murray Bridge,AU,-35.1167,139.2667,107.01,11,97,8.63,overcast clouds
20,Hamilton,US,39.1834,-84.5333,28.0,68,1,4.61,clear sky
21,Arona,ES,28.0996,-16.681,62.6,77,20,9.22,few clouds
22,Strezhevoy,RU,60.7333,77.5889,-52.6,65,20,4.47,few clouds
23,Aklavik,CA,68.2191,-135.0107,-18.4,76,87,9.22,overcast clouds
24,Lavrentiya,RU,65.5833,-171.0,-1.53,85,91,5.61,overcast clouds
25,Vila Velha,BR,-20.3297,-40.2925,73.99,94,40,3.44,scattered clouds
26,Bredasdorp,ZA,-34.5322,20.0403,57.2,82,32,6.91,scattered clouds
27,Yuci,CN,37.6803,112.7319,37.4,32,88,6.71,haze
28,Marsaxlokk,MT,35.8419,14.5431,57.0,76,20,10.36,few clouds
29,Guerrero Negro,MX,27.9769,-114.0611,57.65,77,5,9.42,clear sky
30,Saint-Pierre,RE,-21.3393,55.4781,80.6,65,90,3.44,overcast clouds
31,New Norfolk,AU,-42.7826,147.0587,90.0,20,100,1.99,overcast clouds
32,Karlstad,SE,59.3793,13.5036,32.0,100,90,3.44,overcast clouds
33,Chokurdakh,RU,70.6333,147.9167,-35.75,83,100,7.31,overcast clouds
34,Hithadhoo,MV,-0.6,73.0833,81.63,71,72,4.52,broken clouds
35,Sambava,MG,-14.2667,50.1667,77.38,84,25,4.74,scattered clouds
36,Tura,IN,25.5198,90.2201,71.24,41,85,2.1,overcast clouds
37,Arraial Do Cabo,BR,-22.9661,-42.0278,74.89,88,65,14.61,broken clouds
38,Meulaboh,ID,4.1363,96.1285,84.63,66,44,2.51,scattered clouds
39,Nador,MA,35.174,-2.9287,62.6,45,0,8.05,clear sky
40,Porto Novo,BJ,6.4965,2.6036,77.0,73,94,5.7,haze
41,Hami,CN,42.8,93.45,24.69,83,94,9.46,overcast clouds
42,Sao Joao Da Barra,BR,-21.6403,-41.0511,74.08,84,0,5.17,clear sky
43,Bluff,NZ,-46.6,168.3333,60.01,81,71,21.0,broken clouds
44,Pisco,PE,-13.7,-76.2167,71.6,78,20,8.05,few clouds
45,Abu Dhabi,AE,24.4667,54.3667,64.4,72,0,3.44,clear sky
46,Kaitangata,NZ,-46.2817,169.8464,62.01,62,93,18.01,overcast clouds
47,Holysov,CZ,49.5936,13.1013,32.0,96,90,2.3,light snow
48,Cape Town,ZA,-33.9258,18.4232,64.99,59,0,13.8,clear sky
49,Saint George,US,37.1041,-113.5841,44.01,70,90,4.61,overcast clouds
50,Provideniya,RU,64.3833,-173.3,6.69,83,1,2.3,clear sky
51,Torbay,CA,47.6666,-52.7314,25.0,80,75,19.57,broken clouds
52,Punta Arenas,CL,-53.15,-70.9167,51.8,62,0,19.57,light rain
53,Centralia,US,46.7162,-122.9543,37.4,100,90,4.25,overcast clouds
54,Alakurtti,RU,66.9672,30.3491,7.0,87,100,1.99,light snow
55,Busselton,AU,-33.65,115.3333,73.0,61,43,5.99,scattered clouds
56,Charcas,MX,23.1333,-101.1167,62.08,45,67,5.37,broken clouds
57,Coquimbo,CL,-29.9533,-71.3436,62.6,82,20,5.75,few clouds
58,Truth Or Consequences,US,33.1284,-107.2528,50.0,32,1,4.61,clear sky
59,Thompson,CA,55.7435,-97.8558,-14.8,76,90,9.22,light snow
60,Khatanga,RU,71.9667,102.5,-24.84,85,100,11.21,overcast clouds
61,Arman,RU,59.7,150.1667,-11.18,81,86,9.28,overcast clouds
62,Tukrah,LY,32.5341,20.5791,53.87,60,0,10.92,clear sky
63,Praia Da Vitoria,PT,38.7333,-27.0667,61.0,97,83,11.01,broken clouds
64,Egvekinot,RU,66.3167,-179.1667,-11.47,85,0,1.54,clear sky
65,Luganville,VU,-15.5333,167.1667,83.95,75,100,3.38,light rain
66,Roma,US,43.2128,-75.4557,8.01,92,1,5.75,clear sky
67,Avarua,CK,-21.2078,-159.775,84.2,65,20,10.36,few clouds
68,Grand Gaube,MU,-20.0064,57.6608,82.99,72,4,3.0,clear sky
69,Castro,BR,-24.7911,-50.0119,63.05,96,100,5.97,light rain
70,Hobart,AU,-42.8794,147.3294,90.0,50,75,12.66,broken clouds
71,Fortuna,US,40.5982,-124.1573,46.99,87,90,5.75,overcast clouds
72,Lagoa,PT,39.05,-27.9833,61.47,91,97,28.54,overcast clouds
73,Berlevag,NO,70.8578,29.0864,19.02,94,98,24.85,light snow
74,Qaanaaq,GL,77.484,-69.3632,11.88,77,69,1.48,broken clouds
75,Vestmannaeyjar,IS,63.4427,-20.2734,31.44,88,94,20.36,overcast clouds
76,Kathmandu,NP,27.7167,85.3167,48.2,87,20,1.14,mist
77,Turayf,SA,31.6725,38.6637,33.8,75,0,11.5,clear sky
78,Beyneu,KZ,45.3167,55.2,34.65,93,100,8.84,overcast clouds
79,Bethanien,NA,-26.502,17.1583,72.63,34,75,10.89,broken clouds
80,Along,IN,28.1667,94.7667,58.17,52,94,1.23,overcast clouds
81,Portland,US,45.5234,-122.6762,42.01,74,83,3.44,broken clouds
82,Airai,TL,-8.9266,125.4092,67.91,98,100,3.04,moderate rain
83,Kruisfontein,ZA,-34.0033,24.7314,64.99,90,100,5.01,overcast clouds
84,Moose Factory,CA,51.2585,-80.6094,-11.2,70,1,4.61,clear sky
85,Karratha,AU,-20.7377,116.8463,95.34,30,57,16.96,broken clouds
86,Kapaa,US,22.0752,-159.319,75.2,83,40,16.11,light rain
87,Yellowknife,CA,62.456,-114.3525,-31.0,75,20,3.44,few clouds
88,Jimeta,NG,9.2833,12.4667,67.14,25,79,1.77,broken clouds
89,Saskylakh,RU,71.9167,114.0833,-34.69,81,24,6.35,few clouds
90,Port Elizabeth,ZA,-33.918,25.5701,68.0,83,20,19.57,few clouds
91,Vaini,TO,-21.2,-175.2,82.4,83,75,8.05,light rain
92,Cidreira,BR,-30.1811,-50.2056,75.65,83,0,16.89,clear sky
93,Mareeba,AU,-17.0,145.4333,88.0,62,40,17.27,scattered clouds
94,Buin,CL,-33.7333,-70.75,73.0,60,0,6.91,clear sky
95,Lima,PE,-12.0432,-77.0282,77.0,83,40,6.91,scattered clouds
96,Teluknaga,ID,-6.0989,106.6381,81.0,94,90,4.61,moderate rain
97,Isangel,VU,-19.55,169.2667,82.4,89,90,5.82,overcast clouds
98,Marang,MY,5.2056,103.2059,80.6,83,40,2.3,scattered clouds
99,Nouadhibou,MR,20.931,-17.0347,66.2,77,0,13.8,clear sky
100,Vallenar,CL,-28.5708,-70.7581,64.69,56,0,1.59,clear sky
101,Nanortalik,GL,60.1432,-45.2371,22.12,88,0,9.62,clear sky
102,Banjarmasin,ID,-3.3244,114.591,86.0,70,40,5.75,scattered clouds
103,Walvis Bay,NA,-22.9575,14.5053,70.0,94,100,3.44,light rain
104,Katsuura,JP,35.1333,140.3,44.01,93,75,20.71,light rain
105,Barcelona,ES,41.3888,2.159,57.99,67,0,9.22,clear sky
106,Upernavik,GL,72.7868,-56.1549,20.73,85,100,7.65,overcast clouds
107,Hasaki,JP,35.7333,140.8333,43.0,100,75,17.27,light rain
108,Imbituba,BR,-28.24,-48.6703,75.2,94,75,6.91,broken clouds
109,Tiksi,RU,71.6872,128.8694,-40.79,79,43,4.56,scattered clouds
110,Erenhot,CN,43.6475,111.9767,17.37,93,0,7.85,clear sky
111,Tuktoyaktuk,CA,69.4541,-133.0374,-20.2,76,1,9.22,clear sky
112,Beira,MZ,-19.8436,34.8389,78.44,78,100,13.18,overcast clouds
113,Bontang,ID,0.1333,117.5,85.87,64,91,4.9,overcast clouds
114,Carnarvon,AU,-24.8667,113.6333,82.4,47,75,14.97,broken clouds
115,East London,ZA,-33.0153,27.9116,68.0,83,20,14.97,light rain
116,Scottsbluff,US,41.8666,-103.6672,26.6,86,90,4.61,light snow
117,Teguldet,RU,57.3064,88.1667,-12.03,89,100,5.84,overcast clouds
118,Goderich,CA,43.7501,-81.7165,19.4,86,100,6.91,overcast clouds
119,Healesville,AU,-37.65,145.5167,99.0,31,100,3.98,overcast clouds
120,Norman Wells,CA,65.282,-126.8329,-14.8,84,90,5.75,overcast clouds
121,Bathsheba,BB,13.2167,-59.5167,78.8,69,40,14.97,scattered clouds
122,Mizan Teferi,ET,6.9833,35.5833,63.45,60,23,2.42,few clouds
123,Bonthe,SL,7.5264,-12.505,74.73,89,0,5.39,clear sky
124,Puerto Leguizamo,CO,-0.1934,-74.7819,71.08,97,100,2.21,overcast clouds
125,Kodiak,US,57.79,-152.4072,39.2,56,1,18.41,clear sky
126,Kavieng,PG,-2.5744,150.7967,85.37,63,71,5.57,broken clouds
127,Marrakesh,MA,31.6315,-8.0083,51.8,87,94,2.3,overcast clouds
128,Berbera,SO,10.4396,45.0143,73.8,74,77,3.78,broken clouds
129,Dicabisagan,PH,17.0818,122.4157,76.53,89,99,9.98,overcast clouds
130,Puerto Ayora,EC,-0.7393,-90.3518,75.99,94,63,1.99,broken clouds
131,Chuy,UY,-33.6971,-53.4616,69.8,96,3,5.32,clear sky
132,Ferkessedougou,CI,9.6,-5.2,67.26,21,2,5.77,clear sky
133,Port Macquarie,AU,-31.4333,152.9167,90.0,41,0,1.99,clear sky
134,La Palma,US,33.8464,-118.0467,48.99,81,90,4.61,light rain
135,Mahebourg,MU,-20.4081,57.7,75.2,94,40,2.3,scattered clouds
136,Jalesar,IN,27.4833,78.3167,61.12,48,0,1.81,clear sky
137,Smithers,CA,54.7804,-127.1743,15.8,79,90,2.3,overcast clouds
138,Desoto,US,32.5899,-96.8569,52.0,93,90,8.05,mist
139,Port-Gentil,GA,-0.7193,8.7815,80.58,76,100,8.72,overcast clouds
140,Bogande,BF,12.9714,-0.1436,64.71,24,0,8.66,clear sky
141,Taoudenni,ML,22.6783,-3.9836,61.3,27,0,9.44,clear sky
142,Cody,US,44.5263,-109.0565,21.99,73,90,3.89,overcast clouds
143,Hermanus,ZA,-34.4187,19.2345,55.0,95,23,8.41,few clouds
144,Besenyszog,HU,47.3,20.2667,41.0,93,0,6.91,clear sky
145,Mayo,US,38.8876,-76.5119,28.4,50,1,6.91,clear sky
146,Mapiripan,CO,2.8892,-72.1256,70.54,96,97,3.22,light rain
147,Yuzhno-Sukhokumsk,RU,44.6581,45.6436,30.61,98,0,3.4,clear sky
148,Mildura,AU,-34.2,142.15,108.0,9,91,13.8,overcast clouds
149,Pevek,RU,69.7008,170.3133,-19.01,88,97,4.5,overcast clouds
150,Dikson,RU,73.5069,80.5464,-16.38,90,78,7.85,broken clouds
151,Prince Rupert,CA,54.3161,-130.3201,35.6,93,90,6.91,light rain
152,Ulladulla,AU,-35.35,150.4667,98.6,34,14,14.97,few clouds
153,Hualmay,PE,-11.0964,-77.6139,71.02,80,87,6.04,overcast clouds
154,Faanui,PF,-16.4833,-151.75,81.28,74,0,12.5,clear sky
155,Sistranda,NO,63.7256,8.834,33.8,93,75,4.61,snow
156,Asyut,EG,27.181,31.1837,42.8,87,0,6.91,clear sky
157,Severo-Kurilsk,RU,50.6789,156.125,19.02,91,86,24.76,overcast clouds
158,Saldanha,ZA,-33.0117,17.9442,59.0,67,0,11.5,clear sky
159,Hervey Bay,AU,-25.2986,152.8535,88.0,39,40,16.11,light rain
160,Brae,GB,60.3964,-1.353,39.2,75,40,11.5,scattered clouds
161,Bambous Virieux,MU,-20.3428,57.7575,82.99,94,40,2.3,scattered clouds
162,Yokadouma,CM,3.5167,15.05,67.03,46,100,2.82,overcast clouds
163,Sitka,US,57.0531,-135.33,35.6,100,90,3.44,light rain
164,Butaritari,KI,3.0707,172.7902,80.17,78,98,10.04,overcast clouds
165,Ahuimanu,US,21.4447,-157.8378,78.8,78,75,16.11,light rain
166,Clarence Town,AU,-32.5833,151.7833,99.0,23,7,8.05,clear sky
167,Kallithea,GR,37.95,23.7,48.99,87,20,7.16,few clouds
168,Great Yarmouth,GB,52.6083,1.7305,28.99,93,7,8.05,clear sky
169,Novooleksiyivka,UA,46.2269,34.6428,44.8,78,100,14.7,overcast clouds
170,Takoradi,GH,4.8845,-1.7554,77.29,89,46,6.11,scattered clouds
171,Sibu,MY,2.3,111.8167,82.4,78,40,3.44,scattered clouds
172,Bethel,US,41.3712,-73.414,21.2,45,1,10.36,clear sky
173,Lebu,CL,-37.6167,-73.65,57.27,86,0,17.0,clear sky
174,Grand-Santi,GF,4.25,-54.3833,71.91,97,100,2.04,overcast clouds
175,Grindavik,IS,63.8424,-22.4338,30.2,74,40,27.63,scattered clouds
176,Broken Hill,AU,-31.95,141.4333,102.2,10,99,17.27,overcast clouds
177,Bilibino,RU,68.0546,166.4372,-34.06,80,49,1.59,scattered clouds
178,Bereda,ES,43.2686,-7.5406,46.0,100,100,8.99,overcast clouds
179,Ciudad Bolivar,VE,8.1222,-63.5497,76.33,79,61,11.23,broken clouds
180,Tiznit,MA,29.5833,-9.5,55.0,71,51,0.2,broken clouds
181,Atar,MR,20.5169,-13.0499,64.44,23,51,8.48,broken clouds
182,Pangody,RU,65.85,74.4859,-45.13,78,0,0.85,clear sky
183,Comodoro Rivadavia,AR,-45.8667,-67.5,57.2,77,0,2.3,clear sky
184,Dickinson,US,29.4608,-95.0513,61.0,88,90,12.66,overcast clouds
185,Trapani,IT,37.8333,12.6667,57.99,82,40,17.27,scattered clouds
186,Tomatlan,MX,19.9333,-105.25,68.68,81,80,1.95,broken clouds
187,Vostok,RU,46.4856,135.8833,21.67,90,0,4.41,clear sky
188,San Patricio,US,28.017,-97.5169,69.8,100,90,4.61,mist
189,Visnes,NO,59.3556,5.2242,33.01,93,40,8.05,scattered clouds
190,Yar-Sale,RU,66.8333,70.8333,-39.64,80,15,3.33,few clouds
191,La Primavera,CO,5.4906,-70.4092,81.07,61,56,4.68,broken clouds
192,Baft,IR,29.234,56.6057,35.94,48,0,2.46,clear sky
193,Kingaroy,AU,-26.5333,151.8333,82.99,41,75,10.36,broken clouds
194,Guaruja,BR,-23.9931,-46.2564,81.0,26,100,6.24,overcast clouds
195,Cabedelo,BR,-6.9811,-34.8339,75.2,94,0,2.3,clear sky
196,Koumac,NC,-20.5667,164.2833,83.12,73,93,10.47,overcast clouds
197,Astoria,US,46.1879,-123.8313,42.8,81,90,4.61,overcast clouds
198,Pouebo,NC,-20.4,164.5667,80.06,78,97,19.69,overcast clouds
199,Tabou,CI,4.423,-7.3528,76.86,89,1,5.1,clear sky
200,Saint-Philippe,RE,-21.3585,55.7679,80.6,65,90,3.44,overcast clouds
201,Yablochnyy,RU,47.1661,142.0661,28.4,80,75,11.18,broken clouds
202,Krasnaya Gora,RU,52.9995,31.6023,32.0,93,90,13.42,mist
203,Srednekolymsk,RU,67.45,153.6833,-26.57,85,100,9.57,overcast clouds
204,Chapais,CA,49.7834,-74.8492,-0.4,78,90,13.8,overcast clouds
205,Maceio,BR,-9.6658,-35.7353,73.4,94,40,1.14,scattered clouds
206,Pocone,BR,-16.2567,-56.6228,73.8,92,99,2.24,light rain
207,Dandong,CN,40.1292,124.3947,40.96,66,48,2.13,scattered clouds
208,Djibo,BF,14.1022,-1.6306,63.54,25,63,8.5,broken clouds
209,Broome,US,42.2506,-75.833,19.0,67,90,13.8,overcast clouds
210,Sayyan,YE,15.1718,44.3244,45.9,51,46,1.52,scattered clouds
211,Constitucion,CL,-35.3333,-72.4167,57.97,88,4,1.36,clear sky
212,Geraldton,AU,-28.7667,114.6,77.0,53,14,13.8,few clouds
213,Baherden,TM,38.4362,57.4316,32.67,81,0,2.82,clear sky
214,Namatanai,PG,-3.6667,152.4333,86.34,58,81,5.95,broken clouds
215,Yerbogachen,RU,61.2767,108.0108,-37.01,80,100,2.21,overcast clouds
216,Phek,IN,25.6667,94.5,58.66,64,7,0.25,clear sky
217,Mabaruma,GY,8.2,-59.7833,71.64,94,76,2.1,broken clouds
218,Victoria,HK,22.2855,114.1577,64.99,83,27,5.01,scattered clouds
219,Talnakh,RU,69.4865,88.3972,-35.81,73,52,0.96,broken clouds
220,Sarankhola,BD,22.3082,89.7897,77.94,35,7,2.73,clear sky
221,Nemuro,JP,43.3236,145.575,24.8,74,75,10.36,broken clouds
222,Kahului,US,20.8947,-156.47,77.0,61,1,18.41,clear sky
223,Salalah,OM,17.0151,54.0924,66.2,37,0,14.97,clear sky
224,Yataity Del Norte,PY,-24.8333,-56.35,71.83,93,1,5.77,clear sky
225,Butajira,ET,8.1167,38.3667,54.28,42,25,3.18,scattered clouds
226,Sosnovo-Ozerskoye,RU,52.5249,111.5418,9.9,92,100,4.23,overcast clouds
227,Spirit River,CA,55.7833,-118.8361,3.0,92,100,12.66,overcast clouds
228,Ambilobe,MG,-13.2,49.05,76.12,89,54,1.97,broken clouds
229,Saint-Michel-Des-Saints,CA,46.6834,-73.9159,-0.99,86,77,12.68,broken clouds
230,The Valley,AI,18.217,-63.0578,77.0,83,20,4.61,few clouds
231,Balkanabat,TM,39.5108,54.3671,33.78,79,93,5.14,overcast clouds
232,Wattegama,LK,6.7989,81.4808,78.8,83,40,10.36,scattered clouds
233,Bastrop,US,32.7562,-91.8724,46.99,87,90,4.61,overcast clouds
234,Muros,ES,42.7762,-9.0603,52.0,90,97,1.01,overcast clouds
235,Shetpe,KZ,44.1667,52.1167,30.24,96,4,11.39,clear sky
236,Abu Samrah,SY,35.3029,37.1841,37.72,72,28,6.73,scattered clouds
237,Nizhniy Kuranakh,RU,58.8353,125.4869,-28.1,80,48,2.42,scattered clouds
238,Ritchie,ZA,-29.038,24.6028,64.4,94,0,2.3,clear sky
239,Itarema,BR,-2.9248,-39.9167,80.22,77,100,9.26,overcast clouds
240,Naze,JP,28.3667,129.4833,69.8,64,20,17.27,few clouds
241,Ballina,AU,-28.8667,153.5667,82.4,65,40,12.66,scattered clouds
242,Ahome,MX,25.9167,-109.1833,60.8,77,40,1.59,scattered clouds
243,Port Shepstone,ZA,-30.7414,30.455,76.84,80,97,22.12,overcast clouds
244,Christchurch,NZ,-43.5333,172.6333,73.99,33,100,12.66,overcast clouds
245,Souillac,MU,-20.5167,57.5167,75.2,94,40,2.3,scattered clouds
246,Ganganagar,IN,29.9167,73.8833,56.01,54,0,6.06,clear sky
247,Borovoy,RU,55.4333,86.0833,-9.4,77,90,8.95,light snow
248,Igarka,RU,67.4667,86.5833,-39.71,72,0,2.86,clear sky
249,Newton,US,42.337,-71.2092,19.4,49,1,24.16,clear sky
250,Corumba,BR,-19.0092,-57.6533,73.53,95,100,1.45,light rain
251,Ancud,CL,-41.8697,-73.8203,54.0,76,0,16.11,clear sky
252,Goundam,ML,16.4145,-3.6708,62.29,21,11,11.45,few clouds
253,Pingzhuang,CN,42.0372,119.2889,28.26,89,0,1.68,clear sky
254,Muroto,JP,33.2833,134.15,51.8,82,75,12.66,broken clouds
255,Mlandizi,TZ,-6.7,38.7333,80.6,83,40,5.75,scattered clouds
256,Bengkulu,ID,-3.8004,102.2655,88.93,53,92,4.29,overcast clouds
257,Desnogorsk,RU,54.1508,33.2815,33.13,96,100,11.27,overcast clouds
258,Chimbote,PE,-9.0853,-78.5783,71.37,77,98,4.99,overcast clouds
259,Auki,SB,-8.7676,160.7034,84.43,65,100,7.27,overcast clouds
260,Miri,MY,4.4148,114.0089,84.2,79,40,4.61,scattered clouds
261,Marienburg,PL,54.0359,19.0266,33.8,100,75,5.75,broken clouds
262,Jalu,LY,29.0331,21.5482,48.25,49,0,8.95,clear sky
263,Mar Del Plata,AR,-38.0023,-57.5575,75.99,88,0,4.61,clear sky
264,Morehead,US,37.2711,-87.1764,37.4,32,90,4.61,overcast clouds
265,Kamenka,RU,51.3223,42.7678,33.4,96,100,12.71,overcast clouds
266,Coxim,BR,-18.5067,-54.76,76.32,75,84,4.34,broken clouds
267,Saint-Georges,GD,12.0564,-61.7485,77.0,78,20,8.05,few clouds
268,Farafangana,MG,-22.8167,47.8333,79.0,86,57,3.38,broken clouds
269,Algeciras,ES,36.1333,-5.4505,57.2,94,75,24.16,drizzle
270,Mookane,BW,-23.688,26.6595,72.75,67,100,0.2,overcast clouds
271,Mwinilunga,ZM,-11.7358,24.4293,62.44,96,100,5.1,overcast clouds
272,Yashkul,RU,46.1711,45.3435,32.22,97,10,9.84,clear sky
273,Coralville,US,41.6764,-91.5805,26.6,63,90,8.05,overcast clouds
274,Kirakira,SB,-10.4544,161.9205,84.65,60,97,6.93,overcast clouds
275,Hailar,CN,49.2,119.7,8.83,92,85,4.07,overcast clouds
276,Yeniseysk,RU,58.4497,92.1703,-2.0,92,100,3.67,overcast clouds
277,Oktyabrskoye,RU,43.0645,44.7417,15.8,86,0,6.71,clear sky
278,Port Blair,IN,11.6667,92.75,80.92,60,7,10.54,clear sky
279,Arlit,NE,18.7369,7.3853,56.21,31,1,5.46,clear sky
280,Baoqing,CN,46.3317,132.2111,16.65,92,0,3.69,clear sky
281,Buchanan,LR,5.8808,-10.0467,77.09,88,2,4.9,clear sky
282,Clyde River,CA,70.4692,-68.5914,-5.8,77,1,2.3,clear sky
283,San Jeronimo,PE,-11.9472,-75.2829,50.27,74,100,1.1,light rain
284,Buta,CD,2.7858,24.73,75.51,45,100,0.81,overcast clouds
285,Kuryk,KZ,43.2,51.65,34.57,87,0,16.37,clear sky
286,Port Augusta,AU,-32.5,137.7667,107.6,10,99,17.27,overcast clouds
287,Pacific Grove,US,36.6177,-121.9166,51.01,81,90,6.91,overcast clouds
288,Nikolskoye,RU,59.7035,30.7861,34.0,93,90,8.95,light snow
289,Herat,AF,34.5,62.0,32.5,74,10,3.15,clear sky
290,Lompoc,US,34.6391,-120.4579,48.2,81,20,5.75,few clouds
291,Pemangkat,ID,1.1667,108.9667,81.27,75,100,5.06,overcast clouds
292,Bijawar,IN,24.6333,79.5,50.0,100,90,4.41,fog
293,Camana,PE,-16.6228,-72.7111,70.52,75,67,5.23,broken clouds
294,Lata,PT,40.1629,-8.3327,52.0,91,72,6.64,broken clouds
295,Teahupoo,PF,-17.8333,-149.2667,82.4,69,75,6.91,broken clouds
296,Gisors,FR,49.2818,1.7801,30.99,93,20,3.44,few clouds
297,Kupang,ID,-10.1667,123.5833,82.4,89,90,8.05,light rain
298,Fasa,IR,28.9383,53.6482,26.6,54,0,3.53,clear sky
299,Pasaje,EC,-3.3333,-79.8167,76.39,81,85,1.3,light rain
300,Masterton,NZ,-40.9597,175.6575,68.0,70,34,5.99,scattered clouds
301,Fengkou,CN,30.0833,113.2667,51.94,72,95,5.93,overcast clouds
302,Lajas,PR,18.05,-67.0593,75.0,93,18,1.01,few clouds
303,Senanga,ZM,-16.1167,23.2667,64.72,97,99,4.92,overcast clouds
304,Lidkoping,SE,58.5052,13.1577,30.2,100,43,6.91,scattered clouds
305,Kargasok,RU,59.0556,80.8572,-51.48,76,57,5.88,broken clouds
306,Tema,GH,5.667,-0.0166,78.8,94,20,4.61,few clouds
307,Mount Gambier,AU,-37.8333,140.7667,102.2,10,100,17.27,overcast clouds
308,Yaan,NG,7.3833,8.5667,68.79,72,100,4.5,overcast clouds
309,Manzhouli,CN,49.6,117.4333,7.88,92,77,5.32,broken clouds
310,Manaus,BR,-3.1019,-60.025,77.0,94,0,2.3,clear sky
311,Port Lincoln,AU,-34.7333,135.8667,81.03,40,89,13.78,overcast clouds
312,Nouakchott,MR,18.0858,-15.9785,62.6,12,95,8.05,overcast clouds
313,Bani,DO,18.2833,-70.3333,77.0,79,13,5.99,few clouds
314,Nantucket,US,41.2835,-70.0995,23.0,54,1,23.02,clear sky
315,Aguada De Pasajeros,CU,22.385,-80.8508,69.8,88,32,6.91,moderate rain
316,Payson,US,40.0444,-111.7321,35.6,69,90,5.75,overcast clouds
317,Faya,SA,18.3851,42.4509,46.4,57,2,1.23,clear sky
318,Fukuma,JP,33.7667,130.4667,51.8,76,75,12.66,broken clouds
319,Wum,CM,6.3833,10.0667,62.82,30,97,1.92,overcast clouds
320,Yulara,AU,-25.2406,130.9889,91.4,49,75,23.02,broken clouds
321,Tazovskiy,RU,67.4667,78.7,-42.7,78,0,1.14,clear sky
322,Collie,AU,-33.3667,116.15,77.13,40,69,12.17,broken clouds
323,Ecoporanga,BR,-18.3733,-40.8306,67.42,94,12,2.39,few clouds
324,Sioux Lookout,CA,50.1001,-91.917,15.8,92,90,10.36,light snow
325,Mitsamiouli,KM,-11.3847,43.2844,81.63,69,100,2.39,overcast clouds
326,Sadovoye,RU,47.7764,44.5089,30.24,98,95,8.59,overcast clouds
327,Alice Town,BS,25.7167,-79.3,73.44,66,0,10.13,clear sky
328,Ostrovnoy,RU,68.0531,39.5131,4.86,92,99,13.2,overcast clouds
329,Novomichurinsk,RU,54.0384,39.7479,36.0,87,100,7.43,overcast clouds
330,Sao Felix Do Xingu,BR,-6.6447,-51.995,71.46,93,93,2.04,overcast clouds
331,Kaduqli,SD,11.0167,29.7167,68.25,27,37,11.36,scattered clouds
332,Praia,CV,14.9215,-23.5087,69.8,83,0,19.57,clear sky
333,Port Hedland,AU,-20.3167,118.5667,100.4,22,70,18.41,broken clouds
334,Panalingaan,PH,8.7842,117.4231,85.21,66,0,6.44,clear sky
335,Batouri,CM,4.4333,14.3667,63.3,39,97,2.89,overcast clouds
336,Umm Kaddadah,SD,13.6017,26.6876,62.38,30,91,15.03,overcast clouds
337,Inuvik,CA,68.3499,-133.7218,-18.4,76,0,9.22,clear sky
338,Griffith,US,41.5284,-87.4237,27.0,63,75,5.75,broken clouds
339,Cabo San Lucas,MX,22.8909,-109.9124,64.0,82,1,12.66,clear sky
340,Te Anau,NZ,-45.4167,167.7167,55.92,86,100,7.09,light rain
341,El Alto,PE,-4.2714,-81.2147,70.83,85,100,9.95,light rain
342,Agadez,NE,19.75,10.25,51.49,36,0,9.22,clear sky
343,Gari,RU,59.4307,62.3497,-23.17,85,96,7.23,overcast clouds
344,Husavik,IS,66.0449,-17.3389,28.4,93,90,16.11,snow
345,Saint-Joseph,RE,-21.3667,55.6167,80.6,65,90,3.44,overcast clouds
346,Dudinka,RU,69.4058,86.1778,-40.67,80,37,1.9,scattered clouds
347,Mahajanga,MG,-15.7167,46.3167,73.4,94,20,2.3,few clouds
348,Fomboni,KM,-12.28,43.7425,82.17,71,100,5.35,overcast clouds
349,Gorgan,IR,36.8387,54.4348,28.4,80,0,2.66,clear sky
350,Cherskiy,RU,68.75,161.3,-25.35,86,100,5.64,overcast clouds
351,Arrecife,ES,28.963,-13.5477,62.6,82,0,6.91,clear sky
352,Ponta Do Sol,PT,32.6667,-17.1,59.0,77,100,1.99,overcast clouds
353,Marawi,PH,7.9986,124.2928,82.99,79,99,5.01,overcast clouds
354,Taltal,CL,-25.4,-70.4833,64.94,74,0,1.54,clear sky
355,Yining,CN,29.0361,114.5636,60.26,52,0,2.24,clear sky
356,Inhambane,MZ,-23.865,35.3833,80.53,86,100,14.45,overcast clouds
357,Rigaud,CA,45.4793,-74.3024,6.01,71,48,5.01,scattered clouds
358,Pangnirtung,CA,66.1451,-65.7125,15.53,80,69,2.44,broken clouds
359,Ust-Nera,RU,64.5667,143.2,-19.84,78,100,3.02,overcast clouds
360,Pimentel,PE,-6.8367,-79.9342,71.55,80,99,12.57,overcast clouds
361,Pailon,BO,-17.65,-62.75,71.6,94,75,3.44,broken clouds
362,Solnechnyy,RU,50.7214,136.6319,4.71,88,70,2.46,broken clouds
363,Vila Franca Do Campo,PT,37.7167,-25.4333,62.01,100,75,20.71,light rain
364,Klaksvik,FO,62.2266,-6.589,33.8,93,40,2.3,light rain
365,Czestochowa,PL,50.7965,19.1241,34.0,100,90,4.61,mist
366,Rhyl,GB,53.3196,-3.4886,34.0,87,100,4.0,light snow
367,Vaitape,PF,-16.5167,-151.75,81.3,74,0,12.5,clear sky
368,Seoul,KR,37.5683,126.9778,50.0,50,0,6.91,clear sky
369,Uusikaupunki,FI,60.8004,21.4084,33.8,100,90,9.22,snow
370,Cap Malheureux,MU,-19.9842,57.6142,82.99,72,3,3.0,clear sky
371,Honningsvag,NO,70.9821,25.9704,21.4,93,99,29.86,overcast clouds
372,Olinda,BR,-8.0089,-34.8553,75.2,78,40,5.75,scattered clouds
373,Owando,CG,-0.4819,15.8999,71.89,88,94,2.64,overcast clouds
374,Sur,OM,22.5667,59.5289,67.48,51,0,14.12,clear sky
375,Scharnstein,AT,47.9044,13.9601,32.0,95,100,1.01,overcast clouds
376,Kendari,ID,-3.945,122.4989,83.62,72,100,0.13,light rain
377,Shelburne,CA,44.0787,-80.2041,21.2,92,90,2.3,light snow
378,Jumla,NP,29.2747,82.1838,47.91,31,0,3.51,clear sky
379,Trelew,AR,-43.249,-65.3051,66.7,54,84,13.71,broken clouds
380,Chiang Kham,TH,19.5233,100.3,69.8,68,0,3.44,clear sky
381,Lokosovo,RU,61.1333,74.8167,-47.25,76,60,5.3,broken clouds
382,Mandali,IQ,33.7499,45.5541,44.17,56,0,2.89,clear sky
383,Lobau,DE,51.1,14.6667,32.0,96,100,2.91,light snow
384,Mansa,IN,29.9833,75.3833,52.92,71,0,5.39,clear sky
385,Mao,ES,39.8885,4.2658,57.2,82,0,11.5,clear sky
386,Manjakandriana,MG,-18.9167,47.8,62.6,94,20,2.3,few clouds
387,Axim,GH,4.8699,-2.2405,77.13,87,32,4.34,scattered clouds
388,San Juan De La Maguana,DO,18.8059,-71.2299,52.0,58,3,3.15,clear sky
389,Alugan,PH,12.2188,125.4808,83.64,71,1,7.14,clear sky
390,Back Mountain,US,41.3359,-75.9963,21.99,65,1,5.99,clear sky
391,Komsomolskiy,UZ,40.4272,71.7189,19.4,79,98,4.61,overcast clouds
392,Sao Filipe,CV,14.8961,-24.4956,72.46,64,46,4.27,scattered clouds
393,Santa Cruz,BO,-17.8,-63.1667,71.6,94,75,3.44,broken clouds
394,Eslov,SE,55.8393,13.3039,32.0,96,60,3.87,broken clouds
395,Vertou,FR,47.1687,-1.4693,32.0,100,80,4.61,mist
396,Mutum,BR,-19.8,-41.4383,66.56,92,44,1.28,scattered clouds
397,Jijiga,ET,9.35,42.8,56.35,47,92,3.67,overcast clouds
398,Laguna,US,38.421,-121.4238,48.99,71,1,3.09,clear sky
399,Oranjestad,AW,12.524,-70.027,78.8,89,40,16.11,scattered clouds
400,Mont-De-Marsan,FR,44.0,-0.6667,41.0,100,98,3.44,drizzle
401,Okhotsk,RU,59.3833,143.3,-10.77,81,100,10.69,overcast clouds
402,Anshun,CN,26.25,105.9333,51.76,88,100,16.93,overcast clouds
403,Iqaluit,CA,63.7506,-68.5145,6.8,78,1,23.02,clear sky
404,Wonthaggi,AU,-38.6044,145.5913,99.0,62,100,7.52,overcast clouds
405,Elliot Lake,CA,46.3834,-82.6331,14.0,79,90,4.61,overcast clouds
406,Ilulissat,GL,69.2167,-51.1,21.2,38,30,6.91,scattered clouds
407,Chingirlau,KZ,51.095,54.0814,34.11,99,100,11.21,light rain
408,Katangli,RU,51.7102,143.2326,4.06,93,100,11.01,light snow
409,Serebryansk,KZ,49.6925,83.2892,8.6,85,90,2.24,snow
410,Gilbues,BR,-9.8317,-45.3439,68.63,75,2,1.21,clear sky
411,Khromtau,KZ,50.2503,58.4347,9.61,96,100,12.48,overcast clouds
412,Belle Fourche,US,44.6714,-103.8522,24.01,79,90,8.05,overcast clouds
413,Alofi,NU,-19.0595,-169.9187,86.0,62,99,6.91,overcast clouds
414,Rochegda,RU,62.8,43.25,20.68,98,100,6.02,overcast clouds
415,Lappeenranta,FI,61.0587,28.1887,33.01,96,100,1.01,snow
416,Camocim,BR,-2.9022,-40.8411,76.53,88,100,7.76,overcast clouds
417,Teseney,ER,15.11,36.6575,65.25,86,30,5.95,scattered clouds
418,Panzhihua,CN,26.5851,101.7128,55.99,49,0,1.01,clear sky
419,Kotido,UG,2.9806,34.1331,68.81,62,86,10.47,overcast clouds
420,Tuatapere,NZ,-46.1333,167.6833,60.01,81,95,21.0,overcast clouds
421,Am Timan,TD,11.0297,20.2827,66.09,26,56,5.14,broken clouds
422,Padang,ID,-0.9492,100.3543,87.8,58,20,3.44,few clouds
423,Ust-Kuyga,RU,70.0167,135.6,-43.13,78,97,0.83,overcast clouds
424,Touros,BR,-5.1989,-35.4608,77.0,83,20,4.61,few clouds
425,Batagay-Alyta,RU,67.8006,130.4114,-36.9,75,96,1.36,overcast clouds
426,Udachnyy,RU,66.4167,112.4,-37.62,79,52,3.36,broken clouds
427,Ketchikan,US,55.3422,-131.6461,33.8,100,90,4.61,light snow
428,Guanhaes,BR,-18.775,-42.9325,61.63,97,17,4.43,few clouds
429,Chipinge,ZW,-20.1883,32.6236,64.38,96,89,5.75,overcast clouds
430,Kloulklubed,PW,7.0419,134.2556,86.0,74,75,10.36,broken clouds
431,Necochea,AR,-38.5473,-58.7368,73.99,74,1,12.8,clear sky
432,Dedougou,BF,12.4667,-3.4667,64.15,25,0,5.93,clear sky
433,Ajdabiya,LY,30.7554,20.2263,51.57,44,0,9.71,clear sky
434,Ixtapa,MX,20.7,-105.2,70.0,94,1,2.08,clear sky
435,Pachino,IT,36.7186,15.0907,50.0,87,75,6.91,broken clouds
436,Zhuhai,CN,22.2769,113.5678,70.0,88,40,12.66,scattered clouds
437,Araouane,ML,18.9048,-3.5265,60.42,23,41,10.56,scattered clouds
438,Alyangula,AU,-13.8483,136.4192,78.8,100,75,3.44,light rain
439,Loon Op Zand,NL,51.6388,5.0504,36.0,93,90,10.36,overcast clouds
440,Palmerston,AU,-12.486,130.9833,87.01,79,75,19.57,light rain
441,San Cristobal,VE,7.7669,-72.225,65.37,81,75,2.35,broken clouds
442,Codrington,AU,-38.2667,141.9667,100.31,15,100,6.96,overcast clouds
443,Westport,US,41.1415,-73.3579,23.0,56,0,15.9,clear sky
444,Les Cayes,HT,18.2,-73.75,74.03,83,9,4.25,clear sky
445,Goure,NE,13.9835,10.2704,64.0,18,2,11.99,clear sky
446,Anadyr,RU,64.75,177.4833,-18.0,76,0,8.95,clear sky
447,Harper,LR,4.375,-7.7169,77.36,87,3,5.12,clear sky
448,Saint-Louis,SN,16.3333,-15.0,62.6,29,0,2.3,clear sky
449,Tecoanapa,MX,16.5167,-98.75,77.0,81,100,3.8,overcast clouds
450,Quesnel,CA,52.9999,-122.5029,21.2,73,90,6.91,overcast clouds
451,Linfen,CN,36.0889,111.5189,44.38,56,70,2.04,broken clouds
452,Springfield,US,37.2153,-93.2982,37.99,41,90,20.71,overcast clouds
453,Morwell,AU,-38.2333,146.4,95.0,25,99,1.99,overcast clouds
454,Tigre,AR,-34.426,-58.5796,81.0,69,0,10.36,clear sky
455,Puerto Madero,MX,14.7208,-92.4215,73.4,100,20,4.21,few clouds
456,Enshi,CN,30.3,109.4833,47.61,80,100,1.1,light rain
457,Ulaanbaatar,MN,47.9077,106.8832,3.2,78,75,4.79,broken clouds
458,Keti Bandar,PK,24.1447,67.4497,63.73,22,0,15.59,clear sky
459,Janakpur,NP,26.7183,85.9065,68.83,49,0,3.49,clear sky
460,Asilah,MA,35.465,-6.0348,55.4,100,75,10.36,broken clouds
461,Pokrovsk,UA,48.282,37.1758,36.66,93,100,13.2,overcast clouds
462,Rio Gallegos,AR,-51.6226,-69.2181,55.4,44,0,5.75,clear sky
463,Shizuishan,CN,39.2333,106.7694,35.73,74,74,2.55,broken clouds
464,Hasilpur,PK,29.7122,72.5553,55.35,40,0,7.07,clear sky
465,Maragogi,BR,-9.0122,-35.2225,76.32,83,52,6.91,broken clouds
466,Vao,NC,-22.6667,167.4833,75.69,80,100,24.38,overcast clouds
467,Opuwo,NA,-18.0607,13.84,61.56,88,100,2.66,overcast clouds
468,Tokur,RU,53.1333,132.9,-9.31,89,100,3.49,overcast clouds
469,Sergeyevka,KZ,53.88,67.4158,-26.72,82,62,4.25,broken clouds
470,Byron Bay,AU,-28.65,153.6167,82.4,65,40,12.66,scattered clouds
471,Santa Rosalia,MX,27.3167,-112.2833,57.74,69,28,8.79,scattered clouds
472,Ginda,IN,30.6945,78.4932,51.04,44,21,1.19,few clouds
473,Hambantota,LK,6.1241,81.1185,78.8,83,40,10.36,scattered clouds
474,Wajima,JP,37.4,136.9,42.8,81,75,4.61,broken clouds
475,Georgetown,MY,5.4112,100.3354,84.2,70,20,4.61,few clouds
476,Kavaratti,IN,10.5669,72.642,81.37,74,88,10.83,overcast clouds
477,Marsala,IT,37.7966,12.4352,57.99,82,40,17.27,scattered clouds
478,Santa Isabel,BR,-23.3156,-46.2214,71.6,94,20,3.44,few clouds
479,Alpine,US,32.835,-116.7664,48.2,81,90,3.44,overcast clouds
480,Nagapattinam,IN,10.7667,79.8333,79.81,62,24,7.0,few clouds
481,Samarai,PG,-10.6167,150.6667,83.82,72,93,4.52,light rain
482,Sapa,PH,5.1544,120.3241,83.23,75,52,9.22,broken clouds
483,Mosquera,CO,4.7059,-74.2302,50.0,93,40,3.44,scattered clouds
484,Kijang,KR,35.2442,129.2139,51.8,50,75,13.8,broken clouds
485,Yalvac,TR,38.2956,31.1778,35.98,83,55,3.58,broken clouds
486,Belaya Gora,RU,68.5333,146.4167,-30.44,84,100,5.44,overcast clouds
487,Rock Sound,BS,24.9,-76.2,73.45,63,0,6.67,clear sky
488,Port Keats,AU,-14.25,129.55,83.98,79,100,8.99,light rain
489,Semirom,IR,31.4167,51.5667,26.47,75,0,2.55,clear sky
490,Jaciara,BR,-15.9653,-54.9683,71.94,89,99,1.77,light rain
491,Kerrobert,CA,51.9168,-109.1348,-16.6,83,40,6.91,scattered clouds
492,Bonavista,CA,48.6499,-53.1147,26.01,86,12,4.61,few clouds
493,Isiro,CD,2.7739,27.616,67.95,58,100,2.3,overcast clouds
494,Itaituba,BR,-4.2761,-55.9836,78.8,94,40,1.28,light rain
495,Gualaquiza,EC,-3.4,-78.55,62.74,87,99,1.1,overcast clouds
496,Shingu,JP,33.7333,135.9833,50.0,100,75,4.61,broken clouds
497,Puerto Maldonado,PE,-12.6,-69.1833,69.96,98,100,0.6,overcast clouds
498,Juneau,US,58.3019,-134.4197,32.0,86,90,17.27,snow
499,Finschhafen,PG,-6.6024,147.8681,86.85,68,71,14.54,broken clouds
500,Northam,GB,51.0333,-4.2167,36.0,90,100,5.01,snow
501,Samdrup Jongkhar,BT,26.9167,91.6167,62.42,50,100,3.15,overcast clouds
502,Banda Aceh,ID,5.5577,95.3222,83.19,70,26,9.19,scattered clouds
503,Mahibadhoo,MV,3.7833,72.9667,83.26,68,67,9.51,broken clouds
504,Sinnamary,GF,5.3833,-52.95,77.23,89,100,12.66,overcast clouds
505,Kushmurun,KZ,52.4503,64.6311,-13.94,86,92,5.57,overcast clouds
506,Masuda,JP,34.6667,131.85,46.4,87,75,9.22,broken clouds
507,Barranca,PE,-10.75,-77.7667,70.18,84,79,5.06,broken clouds
508,Baykit,RU,61.67,96.37,-27.04,80,100,2.19,overcast clouds
509,Samfya,ZM,-11.3649,29.5565,65.86,93,100,4.21,light rain
510,Port-Cartier,CA,50.0334,-66.8654,34.0,69,100,14.97,overcast clouds
511,Ouesso,CG,1.6136,16.0517,71.33,82,62,2.3,broken clouds
512,Ratnagiri,IN,16.9833,73.3,79.83,53,0,6.13,clear sky
513,Bela,IN,25.9333,81.9833,64.99,47,0,6.29,clear sky
514,Lorengau,PG,-2.0226,147.2712,85.55,62,81,3.02,broken clouds
515,Ayan,RU,56.45,138.1667,-18.81,71,41,15.26,scattered clouds
516,Poum,NC,-20.2333,164.0167,82.44,76,99,20.38,light rain
517,Raga,SS,8.4596,25.678,64.6,28,70,3.36,broken clouds
518,San Pedro De Uraba,CO,8.2752,-76.3764,73.58,95,97,2.71,overcast clouds
519,Gimli,CA,50.6336,-96.9907,12.2,79,96,11.5,overcast clouds
520,Harindanga,IN,22.0383,88.3214,59.0,94,40,0.2,fog
521,Tautira,PF,-17.7333,-149.15,82.4,69,75,6.91,light rain
522,Dingle,PH,10.9995,122.6711,85.08,71,46,6.17,scattered clouds
523,Brive-La-Gaillarde,FR,45.25,1.5,35.01,52,100,2.68,overcast clouds
524,Bara,NG,10.3744,10.7288,63.52,25,58,5.93,broken clouds
525,Tocopilla,CL,-22.092,-70.1979,67.87,62,3,3.09,clear sky
526,Fort Nelson,CA,58.8053,-122.7002,-2.2,78,90,4.61,light snow
527,Sao Pedro Do Sul,BR,-29.6206,-54.1789,75.2,88,0,8.05,light rain
528,Longhua,CN,23.6137,114.1919,77.59,38,0,2.71,clear sky
529,Gravdal,NO,68.1214,13.5031,23.72,92,61,11.63,broken clouds
530,Nsanje,MW,-16.92,35.262,73.83,90,100,4.52,light rain
531,Fredericksburg,US,38.3032,-77.4605,28.4,50,1,3.44,clear sky
532,Sinnar,SD,13.5691,33.5672,68.27,42,42,10.18,scattered clouds
533,Leningradskiy,RU,69.3833,178.4167,-17.12,79,0,1.66,clear sky
534,Hirara,JP,24.8,125.2833,69.8,56,40,12.66,scattered clouds
535,Kochubey,RU,44.3861,46.5825,32.49,96,0,10.29,clear sky
536,Ordu,TR,40.9086,37.6845,39.2,60,0,1.14,clear sky
537,Deputatskiy,RU,69.3,139.9,-34.67,84,99,2.84,overcast clouds
538,Burnie,AU,-41.0667,145.9167,73.99,32,100,8.01,overcast clouds
539,Longyearbyen,SJ,78.2186,15.6401,12.2,67,75,10.36,broken clouds
540,Novobirilyussy,RU,56.9514,90.6661,0.97,91,100,6.91,overcast clouds
541,Narsaq,GL,60.9167,-46.05,28.4,26,0,25.32,clear sky
542,Santa Rosa,PH,14.3122,121.1114,87.01,70,75,6.91,broken clouds
543,Guilin,CN,25.2819,110.2864,57.2,58,90,4.47,haze
544,Mana,GF,5.6592,-53.7767,77.27,89,99,10.74,overcast clouds
545,Miranda,CO,3.2499,-76.2281,68.0,88,0,6.91,light rain
546,Port Hardy,CA,50.6996,-127.4199,39.2,87,90,10.36,overcast clouds
547,Teya,RU,60.3778,92.6267,-11.24,87,100,1.77,overcast clouds
548,Lhokseumawe,ID,5.1801,97.1507,82.85,67,9,2.68,clear sky
549,Viransehir,TR,37.2353,39.7631,34.5,74,54,5.99,broken clouds
550,Calama,CL,-22.4667,-68.9333,55.4,26,0,5.75,clear sky
551,Buala,SB,-8.145,159.5921,85.6,63,100,5.59,overcast clouds
552,Polunochnoye,RU,60.8697,60.4153,-24.97,87,100,5.08,light snow
553,Petatlan,MX,17.5167,-101.2667,73.54,87,100,2.39,overcast clouds
554,Brainerd,US,46.358,-94.2008,17.6,79,90,11.5,light snow
555,Gaoyou,CN,32.7858,119.4278,48.99,70,1,7.9,clear sky
556,Eyl,SO,7.9803,49.8164,71.91,74,93,18.97,overcast clouds
557,Divnogorsk,RU,55.9594,92.3619,-4.0,77,81,2.24,broken clouds
558,Nisia Floresta,BR,-6.0911,-35.2086,78.8,78,40,9.22,scattered clouds
559,Kununurra,AU,-15.7667,128.7333,89.6,74,100,6.91,overcast clouds
560,Zambezi,ZM,-13.5432,23.1047,64.35,98,100,3.13,light rain
561,Adrar,MR,20.5022,-10.0711,61.11,24,0,9.57,clear sky
562,Moa,CU,20.6569,-74.9403,74.8,84,23,8.1,few clouds
563,Manicore,BR,-5.8092,-61.3003,75.04,91,100,1.66,overcast clouds
564,Darmstadt,DE,49.8333,8.6667,37.99,87,100,16.31,overcast clouds
565,Pudozh,RU,61.8099,36.5345,32.65,96,100,5.86,overcast clouds
566,Sisimiut,GL,66.9395,-53.6735,16.3,78,0,4.63,clear sky
567,Cockburn Town,TC,21.4612,-71.1419,77.47,70,0,8.1,clear sky
568,Ribeira Grande,PT,38.5167,-28.7,62.6,87,64,25.95,broken clouds
569,Rexburg,US,43.826,-111.7897,17.6,73,1,3.98,clear sky
570,Kama,RU,56.3051,54.0936,13.14,96,100,10.49,snow
571,Linjiang,CN,41.8069,126.9078,37.13,75,26,0.81,scattered clouds
572,Borogontsy,RU,62.6683,131.1683,-50.13,74,100,4.88,overcast clouds
573,Dolgorukovo,RU,52.3195,38.3453,33.8,98,100,9.89,overcast clouds
574,Hajdunanas,HU,47.85,21.4333,46.4,93,100,13.8,overcast clouds
575,Havoysund,NO,70.9963,24.6622,15.8,62,90,17.27,overcast clouds
576,Altay,CN,47.8667,88.1167,2.08,80,73,1.48,broken clouds
577,Cururupu,BR,-1.8283,-44.8683,76.06,89,74,4.07,light rain
578,Cam Ranh,VN,11.9214,109.1591,80.6,57,0,11.5,clear sky
579,Warri,NG,5.5167,5.75,75.02,91,94,1.01,overcast clouds
580,Zvornik,BA,44.3869,19.1014,37.4,100,20,5.75,few clouds
581,Canning,IN,22.3189,88.6714,59.0,94,40,1.9,fog
582,Cayhagan,PH,9.6697,122.4256,83.53,68,86,5.95,overcast clouds
583,Acapulco,MX,16.8634,-99.8901,80.6,83,90,3.44,overcast clouds
584,Kjollefjord,NO,70.9457,27.3465,18.54,91,100,24.05,overcast clouds
585,Puerto Escondido,MX,15.85,-97.0667,76.35,78,69,2.75,broken clouds
586,Yemelyanovo,RU,56.1681,92.6767,-4.0,77,94,2.24,overcast clouds
587,Alice Springs,AU,-23.7,133.8833,89.6,48,75,11.5,light rain
588,Bandarbeyla,SO,9.4942,50.8122,72.36,71,58,18.75,broken clouds
589,Kosh-Agach,RU,50.0,88.6667,-9.53,80,100,1.03,overcast clouds
590,Paamiut,GL,61.994,-49.6678,20.37,80,0,9.51,clear sky
591,Malard,IR,35.6659,50.9767,26.6,79,0,2.82,clear sky
592,Porechye-Rybnoye,RU,57.098,39.3835,33.8,93,90,8.95,overcast clouds
593,Mount Isa,AU,-20.7333,139.5,95.0,31,56,12.66,broken clouds
594,Nyurba,RU,63.2842,118.3319,-45.02,77,55,6.26,broken clouds
595,Kulhudhuffushi,MV,6.6221,73.07,82.17,73,30,8.84,scattered clouds
596,Hobyo,SO,5.3505,48.5268,76.86,69,89,21.39,overcast clouds
597,Lumeje,AO,-11.55,20.7833,64.98,95,100,4.99,light rain
598,Bukoba,TZ,-1.3317,31.8122,68.2,75,97,3.4,light rain
599,Chicama,PE,-7.8447,-79.1469,69.8,88,100,9.22,light rain
600,Tiarei,PF,-17.5333,-149.3333,82.4,69,75,6.91,broken clouds
601,Ojuelos De Jalisco,MX,21.8667,-101.5833,59.88,38,87,5.7,overcast clouds
602,Maniitsoq,GL,65.4167,-52.9,16.75,76,0,4.83,clear sky
603,Luena,AO,-11.7833,19.9167,62.85,96,100,4.7,light rain
604,Acarau,BR,-2.8856,-40.12,79.66,80,100,9.1,overcast clouds
605,Coahuayana,MX,18.7333,-103.6833,71.44,81,98,2.68,overcast clouds
606,Requena,ES,39.4883,-1.1004,66.2,55,20,26.46,few clouds
607,Nazare,BR,-13.035,-39.0144,72.59,93,100,2.44,light rain
608,Kumbo,CM,6.2,10.6667,57.76,35,100,3.71,overcast clouds
609,Xining,CN,36.6167,101.7667,28.85,66,100,3.22,overcast clouds
610,Flinders,AU,-34.5833,150.8552,89.01,58,42,10.0,scattered clouds
611,Jackson,US,42.4165,-122.8345,44.6,61,90,0.94,overcast clouds
612,Port Hawkesbury,CA,45.6169,-61.3485,25.0,93,90,11.5,light snow
613,Akyab,MM,20.15,92.9,71.8,41,0,3.13,clear sky
614,Esperance,AU,-33.8667,121.9,71.6,60,90,6.91,overcast clouds
615,Conde,BR,-7.2597,-34.9075,75.2,94,0,2.3,clear sky
616,Novokayakent,RU,42.3937,47.9861,30.2,93,0,4.47,clear sky
617,Fort Saint James,CA,54.4333,-124.25,5.7,93,100,1.7,overcast clouds
618,Pinega,RU,64.7001,43.3936,7.05,95,96,5.06,overcast clouds
619,Luderitz,NA,-26.6481,15.1594,69.37,59,92,25.64,light rain
620,Kamen-Rybolov,RU,44.7481,132.0403,19.92,93,0,1.74,clear sky
621,Beringovskiy,RU,63.05,179.3167,-3.69,88,76,2.48,broken clouds
622,La Paz,BO,-16.5,-68.15,44.6,76,75,10.36,broken clouds
623,Rio Grande,BR,-32.035,-52.0986,73.99,88,84,9.66,broken clouds
624,Bulungu,CD,-4.55,18.6,70.63,96,100,3.89,moderate rain
625,Matehuala,MX,23.65,-100.65,66.2,40,33,7.52,scattered clouds
626,Santo Antonio Do Monte,BR,-20.0872,-45.2936,62.76,95,92,6.38,overcast clouds
627,Eresos,GR,39.1667,25.9333,57.2,77,40,17.27,scattered clouds
628,Dunedin,NZ,-45.8742,170.5036,64.99,70,74,17.6,broken clouds
629,San Isidro,PE,-12.1167,-77.05,77.0,83,40,6.91,scattered clouds
630,Waipawa,NZ,-41.4122,175.5153,69.8,56,63,27.63,broken clouds
631,Balabac,PH,7.9868,117.0645,82.65,74,47,8.63,scattered clouds
632,Wanning,CN,18.8003,110.3967,73.9,66,0,5.17,clear sky
633,Itoman,JP,26.1247,127.6694,68.0,60,20,17.27,few clouds
634,Omboue,GA,-1.5746,9.2618,76.6,86,98,4.38,overcast clouds
635,Evensk,RU,61.95,159.2333,-15.61,81,99,8.3,overcast clouds
636,West Bay,KY,19.3667,-81.4167,78.01,88,20,6.91,few clouds
637,Lashio,MM,22.9333,97.75,72.79,45,3,1.7,clear sky
638,Paso De Los Toros,UY,-32.8167,-56.5167,74.44,74,0,12.71,clear sky
639,Whitehorse,CA,60.7161,-135.0538,10.4,85,90,9.22,light snow
640,Narok,KE,-1.0783,35.8601,53.8,89,41,2.06,scattered clouds
641,Tres Arroyos,AR,-38.3739,-60.2798,80.53,40,0,17.52,clear sky
642,Udarnyy,RU,54.3409,42.8611,33.87,98,100,6.55,overcast clouds
643,Aksarka,RU,66.5606,67.7975,-40.36,80,20,4.92,few clouds
644,Vzmorye,RU,54.6961,20.2361,37.0,93,90,8.95,overcast clouds
645,Alamosa,US,37.4695,-105.87,26.6,68,1,6.06,clear sky
646,Sualkuchi,IN,26.17,91.5709,59.0,77,40,2.15,mist
647,Nuuk,GL,64.1835,-51.7216,17.6,73,20,3.44,few clouds
648,Reyes,BO,-14.3167,-67.3833,70.56,98,100,0.4,light rain
649,Palmer,US,42.1584,-72.3287,17.01,60,0,1.99,clear sky
650,Kuandian,CN,40.7286,124.7847,37.49,78,67,2.06,broken clouds
651,Champoton,MX,19.35,-90.7167,76.03,80,31,6.26,scattered clouds
652,Ubatuba,BR,-23.4339,-45.0711,74.25,80,99,2.59,overcast clouds
653,Chiang Klang,TH,19.2938,100.8617,69.8,68,0,3.44,clear sky
654,Ibra,OM,22.6906,58.5334,60.98,31,0,4.97,clear sky
655,Srandakan,ID,-7.9386,110.2506,85.96,63,100,6.29,overcast clouds
656,Khasan,RU,42.4308,130.6434,29.77,94,0,2.95,clear sky
657,Antofagasta,CL,-23.65,-70.4,66.2,82,75,8.05,broken clouds
658,San Jose,US,37.3394,-121.895,48.2,71,1,2.17,clear sky
659,Tabuk,PH,17.4189,121.4443,72.48,90,99,10.16,overcast clouds
660,Birao,CF,10.2849,22.7882,70.34,22,80,9.22,broken clouds
661,Viedma,AR,-40.8135,-62.9967,67.98,64,63,21.27,broken clouds
662,Bonnyville,CA,54.2668,-110.735,-22.0,63,1,2.93,clear sky
663,Los Llanos De Aridane,ES,28.6585,-17.9182,64.4,77,75,6.91,broken clouds
664,Dehloran,IR,32.6941,47.2679,46.89,48,0,1.12,clear sky
665,Sakakah,SA,29.9697,40.2064,39.2,41,0,3.44,clear sky
666,Atchison,US,39.563,-95.1216,37.0,54,100,9.17,overcast clouds
667,Jizan,SA,17.3333,42.6667,71.6,83,20,4.16,few clouds
668,Hachinohe,JP,40.5,141.5,37.0,43,100,1.01,overcast clouds
669,Hirado,JP,33.3597,129.5531,55.4,67,75,23.02,broken clouds
670,Saint Anthony,US,45.0205,-93.218,19.0,79,90,9.22,snow
671,Nakasongola,UG,1.3089,32.4564,69.03,74,76,3.49,light rain
672,Monte Gordo,PT,37.1819,-7.4523,60.8,94,75,17.27,broken clouds
673,Laurel,US,39.0993,-76.8483,26.01,42,1,8.05,clear sky
674,Tsabong,BW,-26.0217,22.401,76.68,34,68,3.27,broken clouds
675,Ashtian,IR,34.5217,50.0019,22.71,83,6,3.49,clear sky
676,El Sauce,NI,12.8869,-86.539,72.99,63,2,5.68,clear sky
677,Rognan,NO,67.0953,15.3878,17.6,62,40,23.02,scattered clouds
678,Bairiki,KI,1.3292,172.9752,84.2,70,20,8.05,few clouds
679,Tadine,NC,-21.55,167.8833,78.46,78,91,21.7,overcast clouds
680,Novikovo,RU,51.1537,37.8879,34.54,96,100,8.3,overcast clouds
681,Larsnes,NO,62.2028,5.5773,37.0,70,100,1.99,overcast clouds
682,Inta,RU,66.0317,60.1659,-10.7,82,100,10.6,overcast clouds
683,Matamoros,MX,25.5333,-103.25,71.6,26,40,5.17,scattered clouds
684,San Joaquin,US,37.9333,-121.3011,51.01,76,1,3.44,clear sky
685,Beloha,MG,-25.1667,45.05,78.73,76,1,6.33,clear sky
686,Nicoya,CR,10.1483,-85.452,80.6,57,0,20.71,clear sky
687,Uruacu,BR,-14.5247,-49.1408,69.35,90,80,2.46,broken clouds
688,Batagay,RU,67.6333,134.6333,-41.51,78,99,0.51,overcast clouds
689,Dawei,MM,14.0833,98.2,85.5,41,0,3.87,clear sky
690,Powell River,CA,49.8496,-124.5361,35.6,93,75,2.3,broken clouds
691,Jacqueville,CI,5.2052,-4.4146,77.0,100,20,4.61,few clouds
692,Khandyga,RU,62.6667,135.6,-43.38,76,100,1.25,overcast clouds
693,Batemans Bay,AU,-35.7167,150.1833,88.0,67,15,4.0,few clouds
694,Carupano,VE,10.6678,-63.2585,75.11,87,11,9.24,few clouds
695,Inirida,CO,3.8653,-67.9239,73.72,94,100,2.62,light rain
696,Burns Lake,CA,54.2331,-125.7533,14.0,85,100,4.61,overcast clouds
697,Boa Vista,BR,2.8197,-60.6733,77.0,83,40,10.36,scattered clouds
698,Kandi,BJ,11.1342,2.9386,65.7,24,37,5.39,scattered clouds
699,Mogadishu,SO,2.0371,45.3438,75.33,82,34,17.85,scattered clouds
700,Najran,SA,17.4924,44.1277,46.4,34,0,0.98,clear sky
701,Rafsanjan,IR,30.4067,55.9939,34.21,69,0,0.87,clear sky
702,Milkovo,RU,54.7167,158.6167,1.53,89,5,0.31,clear sky
703,Sao Miguel Do Araguaia,BR,-13.275,-50.1628,72.18,92,68,4.81,light rain
704,Laukaa,RU,58.7372,29.8453,36.5,97,100,10.38,overcast clouds
705,Lianzhou,CN,24.7811,112.3825,73.09,40,0,4.63,clear sky
706,Arivonimamo,MG,-19.0167,47.1833,66.2,88,20,4.61,few clouds
707,Petilia Policastro,IT,39.1139,16.7855,55.4,76,90,18.41,light rain
708,Kenai,US,60.5544,-151.2583,33.8,86,90,4.61,light rain
709,Issoire,FR,45.55,3.25,35.6,80,90,4.61,overcast clouds
710,Brejo Da Madre De Deus,BR,-8.1458,-36.3711,67.46,91,81,7.76,broken clouds
711,Vanimo,PG,-2.6741,141.3028,84.67,69,100,5.7,light rain
712,Mattru,SL,7.6244,-11.8332,71.71,95,0,2.15,clear sky
713,Qandala,SO,11.472,49.8728,72.19,64,0,10.45,clear sky
714,Aginskoye,RU,51.1,114.53,17.96,92,100,5.32,overcast clouds
715,Sao Jose Da Coroa Grande,BR,-8.8978,-35.1478,76.59,83,51,7.38,light rain
